date,skill,model,input_tokens,output_tokens,cache_read,cache_creation
2026-04-10,heartbeat,claude-opus-4-6,7,2965,113745,13269
2026-04-10,heartbeat,claude-opus-4-6,6,1870,90224,12509
2026-04-10,heartbeat,claude-opus-4-6,5,1866,68068,12483
2026-04-10,gcampton-post,claude-opus-4-6,58,670,62775,7412
2026-04-10,heartbeat,claude-opus-4-6,6,2160,91344,13027
2026-04-10,heartbeat,claude-opus-4-6,6,2210,95955,13583
2026-04-10,heartbeat,claude-opus-4-6,5,2040,72975,13422
2026-04-11,heartbeat,claude-opus-4-6,6,1867,96338,13412
2026-04-11,heartbeat,claude-opus-4-6,1028,2077,95626,13924
2026-04-11,heartbeat,claude-opus-4-6,8,2967,149100,15207
2026-04-11,heartbeat,claude-opus-4-6,6,2291,96767,14499
2026-04-11,heartbeat,claude-opus-4-6,1030,2814,147027,17861
2026-04-11,heartbeat,claude-opus-4-6,8,2671,150961,15545
2026-04-12,heartbeat,claude-opus-4-6,1028,2220,96713,14983
2026-04-12,heartbeat,claude-opus-4-6,6,1915,96551,13863
2026-04-12,heartbeat,claude-opus-4-6,1177,2645,122310,14850
2026-04-12,heartbeat,claude-opus-4-6,6,2246,96911,14572
2026-04-12,heartbeat,claude-opus-4-6,1176,2305,96211,14838
2026-04-12,heartbeat,claude-opus-4-6,1176,2360,96359,15091
2026-04-13,heartbeat,claude-opus-4-6,7,2212,124419,15176
2026-04-13,heartbeat,claude-opus-4-6,7,2278,118398,21065
